<?xml version="1.0" encoding="UTF-8"?>
<project-private xmlns="http://www.netbeans.org/ns/project-private/1">
    <data xmlns="http://www.netbeans.org/ns/make-project-private/1">
        <activeConfTypeElem>1</activeConfTypeElem>
        <activeConfIndexElem>0</activeConfIndexElem>
    </data>
    <editor-bookmarks xmlns="http://www.netbeans.org/ns/editor-bookmarks/2" lastBookmarkId="0"/>
    <open-files xmlns="http://www.netbeans.org/ns/projectui-open-files/2">
        <group>
            <file>file:/D:/anaro/Documents/Dictando/2025-1/Algoritmos%20y%20Estructura%20de%20Datos/Estructuras%202025-1/Pilas/main.cpp</file>
            <file>file:/D:/anaro/Documents/Dictando/2025-1/Algoritmos%20y%20Estructura%20de%20Datos/Estructuras%202025-1/Pilas/funcionesPila.cpp</file>
            <file>file:/D:/anaro/Documents/Dictando/2025-1/Algoritmos%20y%20Estructura%20de%20Datos/Estructuras%202025-1/Pilas/funcionesPila.h</file>
            <file>file:/D:/anaro/Documents/Dictando/2025-1/Algoritmos%20y%20Estructura%20de%20Datos/Estructuras%202025-1/Pilas/funcionesLista.cpp</file>
            <file>file:/D:/anaro/Documents/Dictando/2025-1/Algoritmos%20y%20Estructura%20de%20Datos/Estructuras%202025-1/Pilas/funcionesLista.h</file>
        </group>
    </open-files>
</project-private>
